ProductKey,ProductLine
1,ELECTRONIC ACCESSORIES
2,FASHION ACCESSORIES
3,FOOD AND BEVERAGES
4,SPORTS AND TRAVEL
5,FASHION ACCESSORIES
6,HOME AND LIFESTYLE
7,FASHION ACCESSORIES
8,FOOD AND BEVERAGES
9,FASHION ACCESSORIES
10,FOOD AND BEVERAGES
11,ELECTRONIC ACCESSORIES
12,FOOD AND BEVERAGES
13,FASHION ACCESSORIES
14,SPORTS AND TRAVEL
15,FOOD AND BEVERAGES
16,SPORTS AND TRAVEL
17,SPORTS AND TRAVEL
18,ELECTRONIC ACCESSORIES
19,FOOD AND BEVERAGES
20,FASHION ACCESSORIES
21,FOOD AND BEVERAGES
22,FOOD AND BEVERAGES
23,HOME AND LIFESTYLE
24,FASHION ACCESSORIES
25,FASHION ACCESSORIES
26,FOOD AND BEVERAGES
27,SPORTS AND TRAVEL
28,HEALTH AND BEAUTY
29,HOME AND LIFESTYLE
30,FASHION ACCESSORIES
31,SPORTS AND TRAVEL
32,ELECTRONIC ACCESSORIES
33,FOOD AND BEVERAGES
34,HOME AND LIFESTYLE
35,FOOD AND BEVERAGES
36,HEALTH AND BEAUTY
37,HEALTH AND BEAUTY
38,ELECTRONIC ACCESSORIES
39,FOOD AND BEVERAGES
40,FASHION ACCESSORIES
41,FOOD AND BEVERAGES
42,ELECTRONIC ACCESSORIES
43,ELECTRONIC ACCESSORIES
44,FOOD AND BEVERAGES
45,ELECTRONIC ACCESSORIES
46,HOME AND LIFESTYLE
47,HEALTH AND BEAUTY
48,FASHION ACCESSORIES
49,SPORTS AND TRAVEL
50,ELECTRONIC ACCESSORIES
51,ELECTRONIC ACCESSORIES
52,HEALTH AND BEAUTY
53,HOME AND LIFESTYLE
54,SPORTS AND TRAVEL
55,FASHION ACCESSORIES
56,ELECTRONIC ACCESSORIES
57,ELECTRONIC ACCESSORIES
58,FASHION ACCESSORIES
59,SPORTS AND TRAVEL
60,FASHION ACCESSORIES
61,SPORTS AND TRAVEL
62,SPORTS AND TRAVEL
63,FASHION ACCESSORIES
64,FOOD AND BEVERAGES
65,SPORTS AND TRAVEL
66,FASHION ACCESSORIES
67,FOOD AND BEVERAGES
68,HEALTH AND BEAUTY
69,HEALTH AND BEAUTY
70,SPORTS AND TRAVEL
71,FASHION ACCESSORIES
72,FOOD AND BEVERAGES
73,HEALTH AND BEAUTY
74,HEALTH AND BEAUTY
75,ELECTRONIC ACCESSORIES
76,FASHION ACCESSORIES
77,SPORTS AND TRAVEL
78,FOOD AND BEVERAGES
79,HEALTH AND BEAUTY
80,FOOD AND BEVERAGES
81,ELECTRONIC ACCESSORIES
82,SPORTS AND TRAVEL
83,FASHION ACCESSORIES
84,FASHION ACCESSORIES
85,SPORTS AND TRAVEL
86,HOME AND LIFESTYLE
87,SPORTS AND TRAVEL
88,HOME AND LIFESTYLE
89,SPORTS AND TRAVEL
90,FOOD AND BEVERAGES
91,SPORTS AND TRAVEL
92,FOOD AND BEVERAGES
93,HEALTH AND BEAUTY
94,FASHION ACCESSORIES
95,FOOD AND BEVERAGES
96,HOME AND LIFESTYLE
97,SPORTS AND TRAVEL
98,HOME AND LIFESTYLE
99,ELECTRONIC ACCESSORIES
100,HOME AND LIFESTYLE
101,FASHION ACCESSORIES
102,FOOD AND BEVERAGES
103,FASHION ACCESSORIES
104,HEALTH AND BEAUTY
105,HOME AND LIFESTYLE
106,HEALTH AND BEAUTY
107,ELECTRONIC ACCESSORIES
108,FOOD AND BEVERAGES
109,FASHION ACCESSORIES
110,SPORTS AND TRAVEL
111,FOOD AND BEVERAGES
112,HOME AND LIFESTYLE
113,ELECTRONIC ACCESSORIES
114,HEALTH AND BEAUTY
115,FASHION ACCESSORIES
116,HEALTH AND BEAUTY
117,FASHION ACCESSORIES
118,ELECTRONIC ACCESSORIES
119,FASHION ACCESSORIES
120,FASHION ACCESSORIES
121,FASHION ACCESSORIES
122,SPORTS AND TRAVEL
123,HOME AND LIFESTYLE
124,FOOD AND BEVERAGES
125,FOOD AND BEVERAGES
126,HEALTH AND BEAUTY
127,HOME AND LIFESTYLE
128,SPORTS AND TRAVEL
129,FASHION ACCESSORIES
130,HOME AND LIFESTYLE
131,FASHION ACCESSORIES
132,HEALTH AND BEAUTY
133,FASHION ACCESSORIES
134,ELECTRONIC ACCESSORIES
135,FOOD AND BEVERAGES
136,HEALTH AND BEAUTY
137,HOME AND LIFESTYLE
138,ELECTRONIC ACCESSORIES
139,ELECTRONIC ACCESSORIES
140,HOME AND LIFESTYLE
141,HOME AND LIFESTYLE
142,FOOD AND BEVERAGES
143,SPORTS AND TRAVEL
144,HOME AND LIFESTYLE
145,SPORTS AND TRAVEL
146,FOOD AND BEVERAGES
147,FASHION ACCESSORIES
148,HOME AND LIFESTYLE
149,HOME AND LIFESTYLE
150,HEALTH AND BEAUTY
151,FASHION ACCESSORIES
152,FOOD AND BEVERAGES
153,ELECTRONIC ACCESSORIES
154,HOME AND LIFESTYLE
155,FASHION ACCESSORIES
156,FASHION ACCESSORIES
157,ELECTRONIC ACCESSORIES
158,HOME AND LIFESTYLE
159,FOOD AND BEVERAGES
160,FOOD AND BEVERAGES
161,FOOD AND BEVERAGES
162,ELECTRONIC ACCESSORIES
163,FASHION ACCESSORIES
164,HEALTH AND BEAUTY
165,HEALTH AND BEAUTY
166,HOME AND LIFESTYLE
167,FASHION ACCESSORIES
168,SPORTS AND TRAVEL
169,ELECTRONIC ACCESSORIES
170,HOME AND LIFESTYLE
171,SPORTS AND TRAVEL
172,HEALTH AND BEAUTY
173,SPORTS AND TRAVEL
174,FOOD AND BEVERAGES
175,FOOD AND BEVERAGES
176,FOOD AND BEVERAGES
177,HEALTH AND BEAUTY
178,SPORTS AND TRAVEL
179,SPORTS AND TRAVEL
180,ELECTRONIC ACCESSORIES
181,HEALTH AND BEAUTY
182,SPORTS AND TRAVEL
183,FASHION ACCESSORIES
184,HOME AND LIFESTYLE
185,HEALTH AND BEAUTY
186,ELECTRONIC ACCESSORIES
187,ELECTRONIC ACCESSORIES
188,HEALTH AND BEAUTY
189,HEALTH AND BEAUTY
190,SPORTS AND TRAVEL
191,FASHION ACCESSORIES
192,HEALTH AND BEAUTY
193,HOME AND LIFESTYLE
194,ELECTRONIC ACCESSORIES
195,ELECTRONIC ACCESSORIES
196,FASHION ACCESSORIES
197,HOME AND LIFESTYLE
198,SPORTS AND TRAVEL
199,HEALTH AND BEAUTY
200,HOME AND LIFESTYLE
201,SPORTS AND TRAVEL
202,ELECTRONIC ACCESSORIES
203,FASHION ACCESSORIES
204,FASHION ACCESSORIES
205,ELECTRONIC ACCESSORIES
206,HOME AND LIFESTYLE
207,SPORTS AND TRAVEL
208,ELECTRONIC ACCESSORIES
209,HEALTH AND BEAUTY
210,FASHION ACCESSORIES
211,HEALTH AND BEAUTY
212,ELECTRONIC ACCESSORIES
213,SPORTS AND TRAVEL
214,ELECTRONIC ACCESSORIES
215,ELECTRONIC ACCESSORIES
216,FOOD AND BEVERAGES
217,FASHION ACCESSORIES
218,FOOD AND BEVERAGES
219,HEALTH AND BEAUTY
220,FOOD AND BEVERAGES
221,ELECTRONIC ACCESSORIES
222,HOME AND LIFESTYLE
223,SPORTS AND TRAVEL
224,HEALTH AND BEAUTY
225,SPORTS AND TRAVEL
226,SPORTS AND TRAVEL
227,HEALTH AND BEAUTY
228,FASHION ACCESSORIES
229,ELECTRONIC ACCESSORIES
230,ELECTRONIC ACCESSORIES
231,ELECTRONIC ACCESSORIES
232,HEALTH AND BEAUTY
233,SPORTS AND TRAVEL
234,HEALTH AND BEAUTY
235,HOME AND LIFESTYLE
236,FASHION ACCESSORIES
237,FASHION ACCESSORIES
238,SPORTS AND TRAVEL
239,ELECTRONIC ACCESSORIES
240,SPORTS AND TRAVEL
241,FASHION ACCESSORIES
242,ELECTRONIC ACCESSORIES
243,SPORTS AND TRAVEL
244,FOOD AND BEVERAGES
245,FASHION ACCESSORIES
246,ELECTRONIC ACCESSORIES
247,ELECTRONIC ACCESSORIES
248,SPORTS AND TRAVEL
249,FOOD AND BEVERAGES
250,FASHION ACCESSORIES
251,FASHION ACCESSORIES
252,FASHION ACCESSORIES
253,HEALTH AND BEAUTY
254,ELECTRONIC ACCESSORIES
255,HEALTH AND BEAUTY
256,FASHION ACCESSORIES
257,FOOD AND BEVERAGES
258,HOME AND LIFESTYLE
259,HEALTH AND BEAUTY
260,FOOD AND BEVERAGES
261,HOME AND LIFESTYLE
262,SPORTS AND TRAVEL
263,HOME AND LIFESTYLE
264,HOME AND LIFESTYLE
265,ELECTRONIC ACCESSORIES
266,HEALTH AND BEAUTY
267,SPORTS AND TRAVEL
268,HEALTH AND BEAUTY
269,FOOD AND BEVERAGES
270,SPORTS AND TRAVEL
271,FOOD AND BEVERAGES
272,FASHION ACCESSORIES
273,ELECTRONIC ACCESSORIES
274,SPORTS AND TRAVEL
275,HOME AND LIFESTYLE
276,HOME AND LIFESTYLE
277,FASHION ACCESSORIES
278,ELECTRONIC ACCESSORIES
279,ELECTRONIC ACCESSORIES
280,ELECTRONIC ACCESSORIES
281,FOOD AND BEVERAGES
282,FASHION ACCESSORIES
283,SPORTS AND TRAVEL
284,HOME AND LIFESTYLE
285,FOOD AND BEVERAGES
286,SPORTS AND TRAVEL
287,FOOD AND BEVERAGES
288,ELECTRONIC ACCESSORIES
289,FASHION ACCESSORIES
290,SPORTS AND TRAVEL
291,HEALTH AND BEAUTY
292,ELECTRONIC ACCESSORIES
293,FASHION ACCESSORIES
294,ELECTRONIC ACCESSORIES
295,ELECTRONIC ACCESSORIES
296,HEALTH AND BEAUTY
297,FASHION ACCESSORIES
298,FOOD AND BEVERAGES
299,HEALTH AND BEAUTY
300,FOOD AND BEVERAGES
301,ELECTRONIC ACCESSORIES
302,HOME AND LIFESTYLE
303,HEALTH AND BEAUTY
304,FOOD AND BEVERAGES
305,HEALTH AND BEAUTY
306,HOME AND LIFESTYLE
307,HEALTH AND BEAUTY
308,HEALTH AND BEAUTY
309,FOOD AND BEVERAGES
310,HOME AND LIFESTYLE
311,FOOD AND BEVERAGES
312,ELECTRONIC ACCESSORIES
313,HOME AND LIFESTYLE
314,FASHION ACCESSORIES
315,FOOD AND BEVERAGES
316,ELECTRONIC ACCESSORIES
317,SPORTS AND TRAVEL
318,FASHION ACCESSORIES
319,HOME AND LIFESTYLE
320,ELECTRONIC ACCESSORIES
321,HOME AND LIFESTYLE
322,HOME AND LIFESTYLE
323,HOME AND LIFESTYLE
324,SPORTS AND TRAVEL
325,SPORTS AND TRAVEL
326,ELECTRONIC ACCESSORIES
327,SPORTS AND TRAVEL
328,HEALTH AND BEAUTY
329,ELECTRONIC ACCESSORIES
330,SPORTS AND TRAVEL
331,HOME AND LIFESTYLE
332,FASHION ACCESSORIES
333,FOOD AND BEVERAGES
334,HEALTH AND BEAUTY
335,HOME AND LIFESTYLE
336,HOME AND LIFESTYLE
337,HEALTH AND BEAUTY
338,SPORTS AND TRAVEL
339,HEALTH AND BEAUTY
340,FOOD AND BEVERAGES
341,FOOD AND BEVERAGES
342,FASHION ACCESSORIES
343,HOME AND LIFESTYLE
344,HEALTH AND BEAUTY
345,HEALTH AND BEAUTY
346,ELECTRONIC ACCESSORIES
347,ELECTRONIC ACCESSORIES
348,FASHION ACCESSORIES
349,HOME AND LIFESTYLE
350,FOOD AND BEVERAGES
351,HEALTH AND BEAUTY
352,HOME AND LIFESTYLE
353,FOOD AND BEVERAGES
354,FOOD AND BEVERAGES
355,HOME AND LIFESTYLE
356,FASHION ACCESSORIES
357,FOOD AND BEVERAGES
358,ELECTRONIC ACCESSORIES
359,HOME AND LIFESTYLE
360,FOOD AND BEVERAGES
361,FASHION ACCESSORIES
362,ELECTRONIC ACCESSORIES
363,FASHION ACCESSORIES
364,ELECTRONIC ACCESSORIES
365,FOOD AND BEVERAGES
366,ELECTRONIC ACCESSORIES
367,HOME AND LIFESTYLE
368,HOME AND LIFESTYLE
369,HEALTH AND BEAUTY
370,ELECTRONIC ACCESSORIES
371,FOOD AND BEVERAGES
372,HOME AND LIFESTYLE
373,ELECTRONIC ACCESSORIES
374,HOME AND LIFESTYLE
375,FASHION ACCESSORIES
376,FASHION ACCESSORIES
377,FOOD AND BEVERAGES
378,FOOD AND BEVERAGES
379,ELECTRONIC ACCESSORIES
380,FOOD AND BEVERAGES
381,FOOD AND BEVERAGES
382,HEALTH AND BEAUTY
383,SPORTS AND TRAVEL
384,HEALTH AND BEAUTY
385,ELECTRONIC ACCESSORIES
386,FASHION ACCESSORIES
387,HEALTH AND BEAUTY
388,HEALTH AND BEAUTY
389,ELECTRONIC ACCESSORIES
390,HEALTH AND BEAUTY
391,FOOD AND BEVERAGES
392,SPORTS AND TRAVEL
393,ELECTRONIC ACCESSORIES
394,FASHION ACCESSORIES
395,ELECTRONIC ACCESSORIES
396,HEALTH AND BEAUTY
397,HOME AND LIFESTYLE
398,FOOD AND BEVERAGES
399,HOME AND LIFESTYLE
400,FASHION ACCESSORIES
401,HEALTH AND BEAUTY
402,ELECTRONIC ACCESSORIES
403,HOME AND LIFESTYLE
404,HEALTH AND BEAUTY
405,SPORTS AND TRAVEL
406,ELECTRONIC ACCESSORIES
407,ELECTRONIC ACCESSORIES
408,HOME AND LIFESTYLE
409,HEALTH AND BEAUTY
410,FOOD AND BEVERAGES
411,FASHION ACCESSORIES
412,ELECTRONIC ACCESSORIES
413,ELECTRONIC ACCESSORIES
414,FOOD AND BEVERAGES
415,HEALTH AND BEAUTY
416,SPORTS AND TRAVEL
417,HEALTH AND BEAUTY
418,SPORTS AND TRAVEL
419,FOOD AND BEVERAGES
420,HOME AND LIFESTYLE
421,ELECTRONIC ACCESSORIES
422,HEALTH AND BEAUTY
423,HOME AND LIFESTYLE
424,ELECTRONIC ACCESSORIES
425,SPORTS AND TRAVEL
426,HOME AND LIFESTYLE
427,FASHION ACCESSORIES
428,FASHION ACCESSORIES
429,FOOD AND BEVERAGES
430,HEALTH AND BEAUTY
431,FASHION ACCESSORIES
432,SPORTS AND TRAVEL
433,SPORTS AND TRAVEL
434,HEALTH AND BEAUTY
435,FOOD AND BEVERAGES
436,SPORTS AND TRAVEL
437,SPORTS AND TRAVEL
438,ELECTRONIC ACCESSORIES
439,HEALTH AND BEAUTY
440,HOME AND LIFESTYLE
441,HOME AND LIFESTYLE
442,HOME AND LIFESTYLE
443,SPORTS AND TRAVEL
444,FOOD AND BEVERAGES
445,HEALTH AND BEAUTY
446,ELECTRONIC ACCESSORIES
447,HEALTH AND BEAUTY
448,FOOD AND BEVERAGES
449,ELECTRONIC ACCESSORIES
450,FASHION ACCESSORIES
451,FOOD AND BEVERAGES
452,FOOD AND BEVERAGES
453,FASHION ACCESSORIES
454,FASHION ACCESSORIES
455,HOME AND LIFESTYLE
456,ELECTRONIC ACCESSORIES
457,HOME AND LIFESTYLE
458,HEALTH AND BEAUTY
459,HOME AND LIFESTYLE
460,ELECTRONIC ACCESSORIES
461,SPORTS AND TRAVEL
462,HOME AND LIFESTYLE
463,SPORTS AND TRAVEL
464,SPORTS AND TRAVEL
465,HEALTH AND BEAUTY
466,HEALTH AND BEAUTY
467,HEALTH AND BEAUTY
468,FASHION ACCESSORIES
469,SPORTS AND TRAVEL
470,HEALTH AND BEAUTY
471,FOOD AND BEVERAGES
472,FASHION ACCESSORIES
473,FOOD AND BEVERAGES
474,ELECTRONIC ACCESSORIES
475,HOME AND LIFESTYLE
476,ELECTRONIC ACCESSORIES
477,FASHION ACCESSORIES
478,FASHION ACCESSORIES
479,FOOD AND BEVERAGES
480,HEALTH AND BEAUTY
481,HEALTH AND BEAUTY
482,FOOD AND BEVERAGES
483,FOOD AND BEVERAGES
484,FOOD AND BEVERAGES
485,SPORTS AND TRAVEL
486,SPORTS AND TRAVEL
487,FASHION ACCESSORIES
488,FOOD AND BEVERAGES
489,SPORTS AND TRAVEL
490,HEALTH AND BEAUTY
491,HOME AND LIFESTYLE
492,SPORTS AND TRAVEL
493,SPORTS AND TRAVEL
494,HEALTH AND BEAUTY
495,HEALTH AND BEAUTY
496,ELECTRONIC ACCESSORIES
497,HEALTH AND BEAUTY
498,ELECTRONIC ACCESSORIES
499,FOOD AND BEVERAGES
500,HOME AND LIFESTYLE
501,FASHION ACCESSORIES
502,FASHION ACCESSORIES
503,ELECTRONIC ACCESSORIES
504,FOOD AND BEVERAGES
505,HEALTH AND BEAUTY
506,ELECTRONIC ACCESSORIES
507,FASHION ACCESSORIES
508,SPORTS AND TRAVEL
509,FOOD AND BEVERAGES
510,ELECTRONIC ACCESSORIES
511,SPORTS AND TRAVEL
512,HEALTH AND BEAUTY
513,FASHION ACCESSORIES
514,HOME AND LIFESTYLE
515,HOME AND LIFESTYLE
516,FASHION ACCESSORIES
517,FASHION ACCESSORIES
518,FASHION ACCESSORIES
519,FOOD AND BEVERAGES
520,HOME AND LIFESTYLE
521,ELECTRONIC ACCESSORIES
522,SPORTS AND TRAVEL
523,SPORTS AND TRAVEL
524,HOME AND LIFESTYLE
525,FASHION ACCESSORIES
526,HOME AND LIFESTYLE
527,SPORTS AND TRAVEL
528,FASHION ACCESSORIES
529,FOOD AND BEVERAGES
530,SPORTS AND TRAVEL
531,FASHION ACCESSORIES
532,SPORTS AND TRAVEL
533,SPORTS AND TRAVEL
534,ELECTRONIC ACCESSORIES
535,HEALTH AND BEAUTY
536,FASHION ACCESSORIES
537,ELECTRONIC ACCESSORIES
538,HOME AND LIFESTYLE
539,SPORTS AND TRAVEL
540,SPORTS AND TRAVEL
541,SPORTS AND TRAVEL
542,HEALTH AND BEAUTY
543,HEALTH AND BEAUTY
544,FOOD AND BEVERAGES
545,HOME AND LIFESTYLE
546,HEALTH AND BEAUTY
547,FASHION ACCESSORIES
548,HEALTH AND BEAUTY
549,HOME AND LIFESTYLE
550,HEALTH AND BEAUTY
551,FASHION ACCESSORIES
552,SPORTS AND TRAVEL
553,FASHION ACCESSORIES
554,FOOD AND BEVERAGES
555,SPORTS AND TRAVEL
556,FOOD AND BEVERAGES
557,ELECTRONIC ACCESSORIES
558,HOME AND LIFESTYLE
559,HEALTH AND BEAUTY
560,SPORTS AND TRAVEL
561,FOOD AND BEVERAGES
562,SPORTS AND TRAVEL
563,FOOD AND BEVERAGES
564,SPORTS AND TRAVEL
565,FOOD AND BEVERAGES
566,HEALTH AND BEAUTY
567,HOME AND LIFESTYLE
568,FASHION ACCESSORIES
569,FOOD AND BEVERAGES
570,SPORTS AND TRAVEL
571,HEALTH AND BEAUTY
572,FOOD AND BEVERAGES
573,ELECTRONIC ACCESSORIES
574,ELECTRONIC ACCESSORIES
575,FOOD AND BEVERAGES
576,HOME AND LIFESTYLE
577,FOOD AND BEVERAGES
578,FASHION ACCESSORIES
579,FOOD AND BEVERAGES
580,HEALTH AND BEAUTY
581,FASHION ACCESSORIES
582,FOOD AND BEVERAGES
583,SPORTS AND TRAVEL
584,HEALTH AND BEAUTY
585,SPORTS AND TRAVEL
586,FOOD AND BEVERAGES
587,HOME AND LIFESTYLE
588,HOME AND LIFESTYLE
589,HOME AND LIFESTYLE
590,HOME AND LIFESTYLE
591,HOME AND LIFESTYLE
592,FASHION ACCESSORIES
593,FOOD AND BEVERAGES
594,HOME AND LIFESTYLE
595,ELECTRONIC ACCESSORIES
596,FASHION ACCESSORIES
597,HEALTH AND BEAUTY
598,HOME AND LIFESTYLE
599,HEALTH AND BEAUTY
600,FOOD AND BEVERAGES
601,SPORTS AND TRAVEL
602,ELECTRONIC ACCESSORIES
603,ELECTRONIC ACCESSORIES
604,HEALTH AND BEAUTY
605,HOME AND LIFESTYLE
606,HEALTH AND BEAUTY
607,ELECTRONIC ACCESSORIES
608,HOME AND LIFESTYLE
609,FASHION ACCESSORIES
610,ELECTRONIC ACCESSORIES
611,ELECTRONIC ACCESSORIES
612,FOOD AND BEVERAGES
613,HOME AND LIFESTYLE
614,SPORTS AND TRAVEL
615,SPORTS AND TRAVEL
616,HOME AND LIFESTYLE
617,SPORTS AND TRAVEL
618,ELECTRONIC ACCESSORIES
619,FASHION ACCESSORIES
620,FOOD AND BEVERAGES
621,ELECTRONIC ACCESSORIES
622,FOOD AND BEVERAGES
623,ELECTRONIC ACCESSORIES
624,FASHION ACCESSORIES
625,FOOD AND BEVERAGES
626,SPORTS AND TRAVEL
627,HEALTH AND BEAUTY
628,ELECTRONIC ACCESSORIES
629,ELECTRONIC ACCESSORIES
630,HOME AND LIFESTYLE
631,FASHION ACCESSORIES
632,ELECTRONIC ACCESSORIES
633,HEALTH AND BEAUTY
634,FASHION ACCESSORIES
635,HEALTH AND BEAUTY
636,SPORTS AND TRAVEL
637,HEALTH AND BEAUTY
638,FASHION ACCESSORIES
639,ELECTRONIC ACCESSORIES
640,FASHION ACCESSORIES
641,FOOD AND BEVERAGES
642,HEALTH AND BEAUTY
643,FASHION ACCESSORIES
644,HOME AND LIFESTYLE
645,HOME AND LIFESTYLE
646,HOME AND LIFESTYLE
647,ELECTRONIC ACCESSORIES
648,FASHION ACCESSORIES
649,ELECTRONIC ACCESSORIES
650,FOOD AND BEVERAGES
651,FOOD AND BEVERAGES
652,FASHION ACCESSORIES
653,SPORTS AND TRAVEL
654,HOME AND LIFESTYLE
655,HOME AND LIFESTYLE
656,FASHION ACCESSORIES
657,ELECTRONIC ACCESSORIES
658,HOME AND LIFESTYLE
659,ELECTRONIC ACCESSORIES
660,ELECTRONIC ACCESSORIES
661,ELECTRONIC ACCESSORIES
662,FASHION ACCESSORIES
663,FASHION ACCESSORIES
664,SPORTS AND TRAVEL
665,SPORTS AND TRAVEL
666,SPORTS AND TRAVEL
667,HOME AND LIFESTYLE
668,FOOD AND BEVERAGES
669,HOME AND LIFESTYLE
670,HOME AND LIFESTYLE
671,SPORTS AND TRAVEL
672,HEALTH AND BEAUTY
673,HOME AND LIFESTYLE
674,HOME AND LIFESTYLE
675,HEALTH AND BEAUTY
676,FASHION ACCESSORIES
677,HOME AND LIFESTYLE
678,FASHION ACCESSORIES
679,FASHION ACCESSORIES
680,SPORTS AND TRAVEL
681,HOME AND LIFESTYLE
682,HOME AND LIFESTYLE
683,SPORTS AND TRAVEL
684,HEALTH AND BEAUTY
685,HEALTH AND BEAUTY
686,HEALTH AND BEAUTY
687,HOME AND LIFESTYLE
688,SPORTS AND TRAVEL
689,FOOD AND BEVERAGES
690,HOME AND LIFESTYLE
691,ELECTRONIC ACCESSORIES
692,ELECTRONIC ACCESSORIES
693,ELECTRONIC ACCESSORIES
694,FOOD AND BEVERAGES
695,HEALTH AND BEAUTY
696,ELECTRONIC ACCESSORIES
697,ELECTRONIC ACCESSORIES
698,HOME AND LIFESTYLE
699,HOME AND LIFESTYLE
700,HOME AND LIFESTYLE
